[
  {
    "text": {
      "portuguese": "",
      "spanish": "",
      "english": "",
      "indonesian": "",
      "tagalog": ""
    },
    "audio": {
      "portuguese": "",
      "spanish": "",
      "english": "",
      "indonesian": "",
      "tagalog": ""
    },
    "options": {
      "portuguese": ["", "", "", ""],
      "spanish": ["", "", "", ""],
      "english": ["", "", "", ""],
      "indonesian": ["", "", "", ""],
      "tagalog": ["", "", "", ""]
    },
    "answer": {
      "portuguese": "",
      "spanish": "",
      "english": "",
      "indonesian": "",
      "tagalog": ""
    }
  }
]